{"position":{"x":0.8528494834899902,"y":2.1387360095977785,"z":0.0},"life":75.0}